{
  "agent": "/home/yulei/codes/constraint-il-transfer/outputs/robomimic/checkpoints/diffusion_policy_can_yq_masked_image/model_epoch_140_image_v15_can_mask_success_1.0.pth",
  "forward_model_path": "/home/yulei/codes/constraint-il-transfer/outputs/forward_model/osc_eef_forward_image_v15/model.pth",
  "env_name": "PickPlaceCan",
  "n_rollouts": 3,
  "steps": 100,
  "action_scale": 0.3,
  "seed": 20260703,
  "state_obs_keys": [
    "robot0_eef_pos",
    "robot0_eef_quat",
    "robot0_gripper_qpos"
  ],
  "horizon": 16,
  "rollout_metrics": [
    {
      "model": {
        "n_windows": 85,
        "traj_rmse_cm": 2.5415806770324707,
        "traj_mae_cm": 1.0842869281768799,
        "terminal_error_mean_cm": 3.2380194664001465,
        "terminal_error_median_cm": 3.2094240188598633,
        "terminal_error_p90_cm": 5.185196399688721,
        "per_step_rmse_cm": [
          0.779727041721344,
          1.1545324325561523,
          1.3917185068130493,
          1.6004798412322998,
          1.8511143922805786,
          2.1426842212677,
          2.330443859100342,
          2.4899094104766846,
          2.574171543121338,
          2.7117598056793213,
          2.873223066329956,
          3.0470004081726074,
          3.193967819213867,
          3.3319618701934814,
          3.4413390159606934,
          3.5497348308563232
        ]
      },
      "cumsum_action_scale_0p05": {
        "n_windows": 85,
        "traj_rmse_cm": 3.7546911239624023,
        "traj_mae_cm": 1.6693564653396606,
        "terminal_error_mean_cm": 4.378450870513916,
        "terminal_error_median_cm": 4.287139892578125,
        "terminal_error_p90_cm": 6.612726211547852,
        "per_step_rmse_cm": [
          1.4742158651351929,
          2.0096240043640137,
          2.4151461124420166,
          2.7874176502227783,
          3.0938475131988525,
          3.3883724212646484,
          3.688737392425537,
          3.9022114276885986,
          4.073891639709473,
          4.202486991882324,
          4.315542221069336,
          4.394676685333252,
          4.459474086761475,
          4.522528648376465,
          4.593669891357422,
          4.71436071395874
        ]
      },
      "rollout": 0
    },
    {
      "model": {
        "n_windows": 85,
        "traj_rmse_cm": 3.020197629928589,
        "traj_mae_cm": 1.256510853767395,
        "terminal_error_mean_cm": 3.7568233013153076,
        "terminal_error_median_cm": 3.324117422103882,
        "terminal_error_p90_cm": 7.006743431091309,
        "per_step_rmse_cm": [
          0.8191280961036682,
          1.3004587888717651,
          1.5786633491516113,
          1.8376463651657104,
          2.139392852783203,
          2.33408522605896,
          2.5703704357147217,
          2.7440185546875,
          2.9675896167755127,
          3.2042133808135986,
          3.388889789581299,
          3.6691806316375732,
          3.88879656791687,
          4.04304313659668,
          4.349493026733398,
          4.3754730224609375
        ]
      },
      "cumsum_action_scale_0p05": {
        "n_windows": 85,
        "traj_rmse_cm": 4.354372024536133,
        "traj_mae_cm": 1.884702444076538,
        "terminal_error_mean_cm": 5.316382884979248,
        "terminal_error_median_cm": 4.757721900939941,
        "terminal_error_p90_cm": 9.804985046386719,
        "per_step_rmse_cm": [
          1.5175195932388306,
          2.1393814086914062,
          2.615102767944336,
          3.028876781463623,
          3.3518850803375244,
          3.61678147315979,
          3.8718760013580322,
          4.127914905548096,
          4.394378662109375,
          4.679147243499756,
          4.928574085235596,
          5.188852310180664,
          5.450189590454102,
          5.654064655303955,
          5.830484390258789,
          6.003443717956543
        ]
      },
      "rollout": 1
    },
    {
      "model": {
        "n_windows": 85,
        "traj_rmse_cm": 2.60607647895813,
        "traj_mae_cm": 1.1150234937667847,
        "terminal_error_mean_cm": 2.934251308441162,
        "terminal_error_median_cm": 2.623764753341675,
        "terminal_error_p90_cm": 4.963028907775879,
        "per_step_rmse_cm": [
          0.8677238821983337,
          1.413153052330017,
          1.716063380241394,
          1.8663642406463623,
          2.101517915725708,
          2.34989333152771,
          2.4964873790740967,
          2.5315346717834473,
          2.7364602088928223,
          2.999213695526123,
          3.0617334842681885,
          3.109027624130249,
          3.1249983310699463,
          3.1954355239868164,
          3.281184673309326,
          3.262234926223755
        ]
      },
      "cumsum_action_scale_0p05": {
        "n_windows": 85,
        "traj_rmse_cm": 3.9137442111968994,
        "traj_mae_cm": 1.771144151687622,
        "terminal_error_mean_cm": 4.973269462585449,
        "terminal_error_median_cm": 5.13552188873291,
        "terminal_error_p90_cm": 7.204153537750244,
        "per_step_rmse_cm": [
          1.471325159072876,
          2.0642101764678955,
          2.516916513442993,
          2.82655930519104,
          3.0800812244415283,
          3.354139566421509,
          3.600407123565674,
          3.7772064208984375,
          3.999403476715088,
          4.222361087799072,
          4.429899215698242,
          4.625980854034424,
          4.7829790115356445,
          4.962067604064941,
          5.109946250915527,
          5.282329559326172
        ]
      },
      "rollout": 2
    }
  ],
  "aggregate": {
    "model": {
      "traj_rmse_cm": {
        "mean": 2.722618261973063,
        "std": 0.2120613705056724,
        "values": [
          2.5415806770324707,
          3.020197629928589,
          2.60607647895813
        ]
      },
      "traj_mae_cm": {
        "mean": 1.1519404252370198,
        "std": 0.07499962225831698,
        "values": [
          1.0842869281768799,
          1.256510853767395,
          1.1150234937667847
        ]
      },
      "terminal_error_mean_cm": {
        "mean": 3.3096980253855386,
        "std": 0.3396169732005971,
        "values": [
          3.2380194664001465,
          3.7568233013153076,
          2.934251308441162
        ]
      },
      "terminal_error_median_cm": {
        "mean": 3.0524353981018066,
        "std": 0.30671108603616326,
        "values": [
          3.2094240188598633,
          3.324117422103882,
          2.623764753341675
        ]
      },
      "terminal_error_p90_cm": {
        "mean": 5.71832291285197,
        "std": 0.9155545396027504,
        "values": [
          5.185196399688721,
          7.006743431091309,
          4.963028907775879
        ]
      },
      "per_step_rmse_cm_mean": [
        0.8221930066744486,
        1.2893814245859783,
        1.5621484120686848,
        1.7681634823481243,
        2.0306750535964966,
        2.2755542596181235,
        2.46576722462972,
        2.5884875456492105,
        2.759407122929891,
        2.971728960673014,
        3.1079487800598145,
        3.27506955464681,
        3.402587572733561,
        3.523480176925659,
        3.690672238667806,
        3.7291475931803384
      ]
    },
    "cumsum_action_scale_0p05": {
      "traj_rmse_cm": {
        "mean": 4.0076024532318115,
        "std": 0.25365504506007525,
        "values": [
          3.7546911239624023,
          4.354372024536133,
          3.9137442111968994
        ]
      },
      "traj_mae_cm": {
        "mean": 1.775067687034607,
        "std": 0.08795839257569531,
        "values": [
          1.6693564653396606,
          1.884702444076538,
          1.771144151687622
        ]
      },
      "terminal_error_mean_cm": {
        "mean": 4.889367739359538,
        "std": 0.3874779480262561,
        "values": [
          4.378450870513916,
          5.316382884979248,
          4.973269462585449
        ]
      },
      "terminal_error_median_cm": {
        "mean": 4.726794560750325,
        "std": 0.34704022641791604,