{
  "dataset": "/home/yulei/codes/constraint-il-transfer/third_party/robomimic/datasets/can/yq/image_v15.hdf5",
  "dp_config": "/home/yulei/codes/constraint-il-transfer/third_party/robomimic/robomimic/exps/baseline/diffusion_policy_can_masked_image.json",
  "config_path": "/home/yulei/codes/constraint-il-transfer/configs/forward_model/osc_eef_forward_image_v15.json",
  "resolved_horizon": 16,
  "baseline_params": {
    "scalar": 0.012213668785989285,
    "diagonal": [
      0.010441761463880539,
      0.012636808678507805,
      0.012404855340719223
    ],
    "full_linear_weights": [
      [
        0.010592252016067505,
        -0.0008358109625987709,
        6.855449464637786e-05
      ],
      [
        -0.0003728558076545596,
        0.012620133347809315,
        -0.00017668106011115015
      ],
      [
        -0.0018017386319115758,
        -0.0007418558234348893,
        0.013187737204134464
      ]
    ],
    "full_linear_bias": [
      1.985401104320772e-05,
      4.77128014608752e-05,
      3.71985561287147e-06
    ]
  },
  "splits": {
    "train": {
      "n_demos": 180,
      "n_samples": 55122
    },
    "valid": {
      "n_demos": 20,
      "n_samples": 5972
    }
  },
  "model_config": {
    "state_dim": 9,
    "action_dim": 112,
    "output_dim": 48,
    "hidden_dim": 512,
    "state_embed_dim": 128,
    "action_embed_dim": 256,
    "dropout": 0.0
  },
  "training": {
    "batch_size": 1024,
    "epochs": 200,
    "lr": 0.001,
    "weight_decay": 1e-05,
    "terminal_weight": 2.0,
    "patience": 30,
    "seed": 0,
    "num_workers": 0,
    "device": "cuda",
    "best_epoch": 35,
    "best_valid_loss": 0.03877658024430275
  },
  "train": {
    "model": {
      "n_samples": 55122,
      "traj_rmse_cm": 0.17178991436958313,
      "traj_mae_cm": 0.07141794264316559,
      "terminal_error_mean_cm": 0.1621508151292801,
      "terminal_error_median_cm": 0.14373646676540375,
      "terminal_error_p90_cm": 0.2765166163444519,
      "per_step_rmse_cm": [
        0.0745062455534935,
        0.11428499221801758,
        0.1376408338546753,
        0.15263456106185913,
        0.16295506060123444,
        0.16835138201713562,
        0.17275181412696838,
        0.17972473800182343,
        0.18364305794239044,
        0.1880263388156891,
        0.1921159327030182,
        0.194899320602417,
        0.19765859842300415,
        0.19479620456695557,
        0.19219595193862915,
        0.19069838523864746
      ]
    },
    "hold": {
      "n_samples": 55122,
      "traj_rmse_cm": 3.912052869796753,
      "traj_mae_cm": 1.4022959470748901,
      "terminal_error_mean_cm": 5.80103874206543,
      "terminal_error_median_cm": 6.1324968338012695,
      "terminal_error_p90_cm": 9.0953950881958,
      "per_step_rmse_cm": [
        0.4147481322288513,
        0.8282225728034973,
        1.2403024435043335,
        1.650910496711731,
        2.059734344482422,
        2.466585874557495,
        2.8713021278381348,
        3.2737932205200195,
        3.674015760421753,
        4.071902751922607,
        4.467440605163574,
        4.86064338684082,
        5.251492977142334,
        5.640017986297607,
        6.026179313659668,
        6.410118103027344
      ]
    },
    "cumsum_action_scale_0p05": {
      "n_samples": 55122,
      "traj_rmse_cm": 11.702632904052734,
      "traj_mae_cm": 4.237612724304199,
      "terminal_error_mean_cm": 17.318435668945312,
      "terminal_error_median_cm": 18.36257553100586,
      "terminal_error_p90_cm": 27.199602127075195,
      "per_step_rmse_cm": [
        1.2417700290679932,
        2.479556083679199,
        3.7133426666259766,
        4.9421539306640625,
        6.165218353271484,
        7.381970405578613,
        8.592188835144043,
        9.79560661315918,
        10.992093086242676,
        12.181706428527832,
        13.364278793334961,
        14.539877891540527,
        15.7084379196167,
        16.869993209838867,
        18.024568557739258,
        19.171907424926758
      ]
    },
    "cumsum_fitted_scalar": {
      "n_samples": 55122,
      "traj_rmse_cm": 0.939210057258606,
      "traj_mae_cm": 0.2808995842933655,
      "terminal_error_mean_cm": 0.9839387536048889,
      "terminal_error_median_cm": 0.6473352909088135,
      "terminal_error_p90_cm": 1.8945740461349487,
      "per_step_rmse_cm": [
        0.11057943105697632,
        0.21690891683101654,
        0.32055988907814026,
        0.4223678708076477,
        0.5221015214920044,
        0.6197585463523865,
        0.7153999209403992,
        0.809097409248352,
        0.9009616374969482,
        0.9911017417907715,
        1.0796362161636353,
        1.1666842699050903,
        1.2523459196090698,
        1.3367284536361694,
        1.4199117422103882,
        1.502709150314331
      ]
    },
    "cumsum_fitted_diagonal": {
      "n_samples": 55122,
      "traj_rmse_cm": 0.9068136811256409,
      "traj_mae_cm": 0.2739834487438202,
      "terminal_error_mean_cm": 0.9670349955558777,
      "terminal_error_median_cm": 0.6645083427429199,
      "terminal_error_p90_cm": 1.8032599687576294,
      "per_step_rmse_cm": [
        0.10738428682088852,
        0.2104218751192093,
        0.3107333481311798,
        0.40919721126556396,
        0.5055825710296631,
        0.5998834371566772,
        0.6921626329421997,
        0.782497763633728,
        0.8709930777549744,
        0.9577464461326599,
        1.0428804159164429,
        1.126495599746704,
        1.2087184190750122,
        1.2896345853805542,
        1.3693325519561768,
        1.4486366510391235
      ]
    },
    "cumsum_fitted_full_linear": {
      "n_samples": 55122,
      "traj_rmse_cm": 0.8376995921134949,
      "traj_mae_cm": 0.2676926553249359,
      "terminal_error_mean_cm": 0.9180448055267334,
      "terminal_error_median_cm": 0.6570853590965271,
      "terminal_error_p90_cm": 1.7291622161865234,
      "per_step_rmse_cm": [
        0.10067453980445862,
        0.19666311144828796,
        0.28980889916419983,
        0.38108155131340027,
        0.47024601697921753,
        0.5573103427886963,
        0.6423465609550476,
        0.7254370450973511,
        0.8066853284835815,
        0.8862093091011047,
        0.9641167521476746,
        1.0405243635177612,
        1.1155508756637573,
        1.1892788410186768,
        1.2618041038513184,
        1.3341292142868042
      ]
    }
  },
  "valid": {
    "model": {
      "n_samples": 5972,
      "traj_rmse_cm": 0.26443618535995483,
      "traj_mae_cm": 0.10219968110322952,
      "terminal_error_mean_cm": 0.27952519059181213,
      "terminal_error_median_cm": 0.22217091917991638,
      "terminal_error_p90_cm": 0.5221495628356934,
      "per_step_rmse_cm": [
        0.0814320519566536,
        0.13002364337444305,
        0.1608680933713913,
        0.1900297999382019,
        0.20454837381839752,
        0.22199252247810364,
        0.2362663596868515,
        0.2526341378688812,
        0.27115383744239807,
        0.2877788245677948,
        0.3008967339992523,
        0.3154364228248596,
        0.3282040059566498,
        0.3386633098125458,
        0.3513244092464447,
        0.36098626255989075
      ]
    },
    "hold": {
      "n_samples": 5972,
      "traj_rmse_cm": 3.9304473400115967,
      "traj_mae_cm": 1.4303590059280396,
      "terminal_error_mean_cm": 5.873406410217285,
      "terminal_error_median_cm": 6.357326984405518,
      "terminal_error_p90_cm": 9.087950706481934,
      "per_step_rmse_cm": [
        0.416162371635437,
        0.8313254714012146,
        1.2452136278152466,
        1.6576416492462158,
        2.0683352947235107,
        2.477104663848877,
        2.8838067054748535,
        3.2883377075195312,
        3.690622329711914,
        4.090627670288086,
        4.48830509185791,
        4.883657455444336,
        5.2766265869140625,
        5.6672186851501465,
        6.055429458618164,
        6.441349029541016
      ]
    },
    "cumsum_action_scale_0p05": {
      "n_samples": 5972,