{
  "agent": "/home/yulei/codes/constraint-il-transfer/outputs/robomimic/checkpoints/diffusion_policy_can_yq_masked_image/model_epoch_140_image_v15_can_mask_success_1.0.pth",
  "forward_model_path": "/home/yulei/codes/constraint-il-transfer/outputs/forward_model/osc_eef_forward_image_v15/model.pth",
  "env_name": "PickPlaceCan",
  "n_rollouts": 3,
  "steps": 100,
  "action_scale": 1.0,
  "seed": 20260703,
  "state_obs_keys": [
    "robot0_eef_pos",
    "robot0_eef_quat",
    "robot0_gripper_qpos"
  ],
  "horizon": 16,
  "rollout_metrics": [
    {
      "model": {
        "n_windows": 85,
        "traj_rmse_cm": 7.491331577301025,
        "traj_mae_cm": 3.1334941387176514,
        "terminal_error_mean_cm": 10.251012802124023,
        "terminal_error_median_cm": 9.90402889251709,
        "terminal_error_p90_cm": 14.712488174438477,
        "per_step_rmse_cm": [
          1.8366096019744873,
          3.175184488296509,
          4.082176685333252,
          4.773148059844971,
          5.367697715759277,
          5.992781639099121,
          6.605552673339844,
          7.16852331161499,
          7.549860954284668,
          8.006888389587402,
          8.474432945251465,
          9.02839183807373,
          9.44190502166748,
          9.911016464233398,
          10.338676452636719,
          10.796647071838379
        ]
      },
      "cumsum_action_scale_0p05": {
        "n_windows": 85,
        "traj_rmse_cm": 14.387226104736328,
        "traj_mae_cm": 6.302955150604248,
        "terminal_error_mean_cm": 17.193859100341797,
        "terminal_error_median_cm": 16.285131454467773,
        "terminal_error_p90_cm": 29.72931480407715,
        "per_step_rmse_cm": [
          4.985173225402832,
          7.014061450958252,
          8.608113288879395,
          10.075935363769531,
          11.376124382019043,
          12.538976669311523,
          13.642841339111328,
          14.52322006225586,
          15.288432121276855,
          15.926109313964844,
          16.530397415161133,
          17.031103134155273,
          17.499183654785156,
          17.934825897216797,
          18.403024673461914,
          19.007102966308594
        ]
      },
      "rollout": 0
    },
    {
      "model": {
        "n_windows": 85,
        "traj_rmse_cm": 6.542332649230957,
        "traj_mae_cm": 2.738959789276123,
        "terminal_error_mean_cm": 8.318399429321289,
        "terminal_error_median_cm": 7.261175632476807,
        "terminal_error_p90_cm": 15.252653121948242,
        "per_step_rmse_cm": [
          1.7433415651321411,
          2.9809176921844482,
          3.8644168376922607,
          4.593152046203613,
          5.214030742645264,
          5.686370372772217,
          6.1190505027771,
          6.355133533477783,
          6.615546226501465,
          6.84830379486084,
          7.296501159667969,
          7.648613929748535,
          8.038182258605957,
          8.384275436401367,
          8.90002727508545,
          9.110574722290039
        ]
      },
      "cumsum_action_scale_0p05": {
        "n_windows": 85,
        "traj_rmse_cm": 12.696151733398438,
        "traj_mae_cm": 5.4737420082092285,
        "terminal_error_mean_cm": 15.598893165588379,
        "terminal_error_median_cm": 13.793227195739746,
        "terminal_error_p90_cm": 27.553077697753906,
        "per_step_rmse_cm": [
          4.753603935241699,
          6.42160177230835,
          7.715474605560303,
          8.865680694580078,
          9.747870445251465,
          10.489967346191406,
          11.269318580627441,
          12.038651466369629,
          12.809127807617188,
          13.628385543823242,
          14.381843566894531,
          15.155909538269043,
          15.858587265014648,
          16.419103622436523,
          16.94410514831543,
          17.481311798095703
        ]
      },
      "rollout": 1
    },
    {
      "model": {
        "n_windows": 85,
        "traj_rmse_cm": 5.642731666564941,
        "traj_mae_cm": 2.3796937465667725,
        "terminal_error_mean_cm": 6.5754241943359375,
        "terminal_error_median_cm": 5.960954666137695,
        "terminal_error_p90_cm": 11.209980964660645,
        "per_step_rmse_cm": [
          1.6484829187393188,
          2.7343008518218994,
          3.403334617614746,
          3.8188774585723877,
          4.289166450500488,
          4.803280830383301,
          5.195649147033691,
          5.5157928466796875,
          5.894354343414307,
          6.199893951416016,
          6.524601459503174,
          6.884382724761963,
          7.114642143249512,
          7.1916046142578125,
          7.26910924911499,
          7.474930763244629
        ]
      },
      "cumsum_action_scale_0p05": {
        "n_windows": 85,
        "traj_rmse_cm": 14.093439102172852,
        "traj_mae_cm": 6.3598103523254395,
        "terminal_error_mean_cm": 18.289249420166016,
        "terminal_error_median_cm": 19.026979446411133,
        "terminal_error_p90_cm": 26.76934814453125,
        "per_step_rmse_cm": [
          4.683763027191162,
          6.586531639099121,
          8.249859809875488,
          9.498697280883789,
          10.564105033874512,
          11.658435821533203,
          12.651424407958984,
          13.437482833862305,
          14.319297790527344,
          15.215206146240234,
          16.057201385498047,
          16.877716064453125,
          17.568679809570312,
          18.288209915161133,
          18.929113388061523,
          19.63636589050293
        ]
      },
      "rollout": 2
    }
  ],
  "aggregate": {
    "model": {
      "traj_rmse_cm": {
        "mean": 6.558798631032308,
        "std": 0.754777562778543,
        "values": [
          7.491331577301025,
          6.542332649230957,
          5.642731666564941
        ]
      },
      "traj_mae_cm": {
        "mean": 2.750715891520182,
        "std": 0.3078499767275009,
        "values": [
          3.1334941387176514,
          2.738959789276123,
          2.3796937465667725
        ]
      },
      "terminal_error_mean_cm": {
        "mean": 8.381612141927084,
        "std": 1.5012183471437741,
        "values": [
          10.251012802124023,
          8.318399429321289,
          6.5754241943359375
        ]
      },
      "terminal_error_median_cm": {
        "mean": 7.708719730377197,
        "std": 1.640565020220873,
        "values": [
          9.90402889251709,
          7.261175632476807,
          5.960954666137695
        ]
      },
      "terminal_error_p90_cm": {
        "mean": 13.725040753682455,
        "std": 1.7920358719243281,
        "values": [
          14.712488174438477,
          15.252653121948242,
          11.209980964660645
        ]
      },
      "per_step_rmse_cm_mean": [
        1.7428113619486492,
        2.9634676774342856,
        3.7833093802134194,
        4.39505918820699,
        4.95696496963501,
        5.494144280751546,
        5.973417441050212,
        6.34648323059082,
        6.6865871747334795,
        7.018362045288086,
        7.431845188140869,
        7.853796164194743,
        8.198243141174316,
        8.49563217163086,
        8.835937658945719,
        9.127384185791016
      ]
    },
    "cumsum_action_scale_0p05": {
      "traj_rmse_cm": {
        "mean": 13.725605646769205,
        "std": 0.73774847589794,
        "values": [
          14.387226104736328,
          12.696151733398438,
          14.093439102172852
        ]
      },
      "traj_mae_cm": {
        "mean": 6.045502503712972,
        "std": 0.4049614604335447,
        "values": [
          6.302955150604248,
          5.4737420082092285,
          6.3598103523254395
        ]
      },
      "terminal_error_mean_cm": {
        "mean": 17.0273338953654,
        "std": 1.1046272907050523,
        "values": [
          17.193859100341797,
          15.598893165588379,
          18.289249420166016
        ]
      },
      "terminal_error_median_cm": {
        "mean": 16.36844603220622,