{
  "dataset": "/home/yulei/codes/constraint-il-transfer/third_party/robomimic/datasets/can/yq/image_v15_delta_eef.hdf5",
  "splits": {
    "train": {
      "n_demos": 180,
      "n_samples": 57822
    },
    "valid": {
      "n_demos": 20,
      "n_samples": 6272
    }
  },
  "train": {
    "scalar_scale": {
      "n_samples": 57822,
      "mse_xyz": 0.002920738599560457,
      "mae_xyz": 0.030424171155037823,
      "rmse_xyz": 0.054043858111356716,
      "mse_full": 0.001251745114097339,
      "mae_full": 0.013038930495016208,
      "cosine_xyz_mean": 0.8419315424714429,
      "cosine_xyz_median": 0.9924854769647393,
      "pred_xyz_norm_median": 0.2878717160286104,
      "target_xyz_norm_median": 0.30607684604875113,
      "pred_xyz_norm_q90": 0.43820162444075506,
      "target_xyz_norm_q90": 0.46123171384927925,
      "clip_rate_xyz": 0.00017870937244186182,
      "clip_rate_any_xyz": 0.0005361281173255854,
      "per_axis_mae_xyz": [
        0.03536941545466084,
        0.027428317822795433,
        0.02847478018765706
      ],
      "per_axis_rmse_xyz": [
        0.05915365501465169,
        0.05029434501248526,
        0.05228326459637047
      ],
      "target_over_delta_norm_ratio_median": 3.881471379961863,
      "target_over_delta_norm_ratio_q10": 0.2760389789768356,
      "target_over_delta_norm_ratio_q90": 4.659429447092409
    },
    "diagonal_scale": {
      "n_samples": 57822,
      "mse_xyz": 0.0028824492779045124,
      "mae_xyz": 0.03012227970368952,
      "rmse_xyz": 0.05368844640986096,
      "mse_full": 0.0012353354048162198,
      "mae_full": 0.012909548444438366,
      "cosine_xyz_mean": 0.8421509016472953,
      "cosine_xyz_median": 0.9926422069515919,
      "pred_xyz_norm_median": 0.28861607311818116,
      "target_xyz_norm_median": 0.30607684604875113,
      "pred_xyz_norm_q90": 0.43852184121468535,
      "target_xyz_norm_q90": 0.46123171384927925,
      "clip_rate_xyz": 0.00019023900937359482,
      "clip_rate_any_xyz": 0.0005707170281207844,
      "per_axis_mae_xyz": [
        0.03467841810439144,
        0.026400337526577885,
        0.029288083480098592
      ],
      "per_axis_rmse_xyz": [
        0.059088317150593574,
        0.04993468137552639,
        0.05159889733268605
      ],
      "target_over_delta_norm_ratio_median": 3.881471379961863,
      "target_over_delta_norm_ratio_q10": 0.2760389789768356,
      "target_over_delta_norm_ratio_q90": 4.659429447092409
    },
    "full_linear": {
      "n_samples": 57822,
      "mse_xyz": 0.002512799022307915,
      "mae_xyz": 0.029908081240809882,
      "rmse_xyz": 0.05012782682610443,
      "mse_full": 0.0010769138667033923,
      "mae_full": 0.012817749103204235,
      "cosine_xyz_mean": 0.833720318303293,
      "cosine_xyz_median": 0.9915733649054113,
      "pred_xyz_norm_median": 0.2886142280590619,
      "target_xyz_norm_median": 0.30607684604875113,
      "pred_xyz_norm_q90": 0.4449253014343214,
      "target_xyz_norm_q90": 0.46123171384927925,
      "clip_rate_xyz": 0.00017870937244186182,
      "clip_rate_any_xyz": 0.0005361281173255854,
      "per_axis_mae_xyz": [
        0.033982792278627896,
        0.026902509817788293,
        0.028838941626013272
      ],
      "per_axis_rmse_xyz": [
        0.05295592874505067,
        0.04987908538133251,
        0.04739349659177539
      ],
      "target_over_delta_norm_ratio_median": 3.881471379961863,
      "target_over_delta_norm_ratio_q10": 0.2760389789768356,
      "target_over_delta_norm_ratio_q90": 4.659429447092409
    }
  },
  "valid": {
    "scalar_scale": {
      "n_samples": 6272,
      "mse_xyz": 0.0028815466469986777,
      "mae_xyz": 0.02937883383535559,
      "rmse_xyz": 0.05368003955846789,
      "mse_full": 0.001234948562999433,
      "mae_full": 0.012590928786580967,
      "cosine_xyz_mean": 0.8504794346501342,
      "cosine_xyz_median": 0.993462474914951,
      "pred_xyz_norm_median": 0.2969530702333715,
      "target_xyz_norm_median": 0.31594024316192626,
      "pred_xyz_norm_q90": 0.4373712526253223,
      "target_xyz_norm_q90": 0.4662759538669981,
      "clip_rate_xyz": 0.00010629251700680272,
      "clip_rate_any_xyz": 0.00031887755102040814,
      "per_axis_mae_xyz": [
        0.0349268843519648,
        0.025222338022447957,
        0.027987279131654164
      ],
      "per_axis_rmse_xyz": [
        0.06046023688239024,
        0.04526336234598697,
        0.054225710933625985
      ],
      "target_over_delta_norm_ratio_median": 3.887030126945618,
      "target_over_delta_norm_ratio_q10": 1.0890411436416247,
      "target_over_delta_norm_ratio_q90": 4.713284471592337
    },
    "diagonal_scale": {
      "n_samples": 6272,
      "mse_xyz": 0.002845333141726107,
      "mae_xyz": 0.029010176675584937,
      "rmse_xyz": 0.05334166421968954,
      "mse_full": 0.0012194284893111884,
      "mae_full": 0.012432932860964972,
      "cosine_xyz_mean": 0.850876913697356,
      "cosine_xyz_median": 0.9937033687820833,
      "pred_xyz_norm_median": 0.2962203417354612,
      "target_xyz_norm_median": 0.31594024316192626,
      "pred_xyz_norm_q90": 0.4393241333582907,
      "target_xyz_norm_q90": 0.4662759538669981,
      "clip_rate_xyz": 0.00010629251700680272,
      "clip_rate_any_xyz": 0.00031887755102040814,
      "per_axis_mae_xyz": [
        0.03420791833532033,
        0.024020719566253977,
        0.02880189212518058
      ],
      "per_axis_rmse_xyz": [
        0.060314693191363795,
        0.04480998459023405,
        0.053760603525564735
      ],
      "target_over_delta_norm_ratio_median": 3.887030126945618,
      "target_over_delta_norm_ratio_q10": 1.0890411436416247,
      "target_over_delta_norm_ratio_q90": 4.713284471592337
    },
    "full_linear": {
      "n_samples": 6272,
      "mse_xyz": 0.0025163340710182506,
      "mae_xyz": 0.029224135347719154,
      "rmse_xyz": 0.05016307477635567,
      "mse_full": 0.0010784288875792503,
      "mae_full": 0.01252462943473678,
      "cosine_xyz_mean": 0.8431789894766643,
      "cosine_xyz_median": 0.9924474304281339,
      "pred_xyz_norm_median": 0.29768369340662243,
      "target_xyz_norm_median": 0.31594024316192626,
      "pred_xyz_norm_q90": 0.44523777330731246,
      "target_xyz_norm_q90": 0.4662759538669981,
      "clip_rate_xyz": 0.00010629251700680272,
      "clip_rate_any_xyz": 0.00031887755102040814,
      "per_axis_mae_xyz": [
        0.03416207399942688,
        0.02453410090348875,
        0.028976231140241816
      ],
      "per_axis_rmse_xyz": [
        0.05540277759203905,
        0.04482259158295299,
        0.049703820093928416
      ],
      "target_over_delta_norm_ratio_median": 3.887030126945618,
      "target_over_delta_norm_ratio_q10": 1.0890411436416247,
      "target_over_delta_norm_ratio_q90": 4.713284471592337
    }
  }
}
